,Importance,Level,Job Zone,Code,Occupation
0,66,57,2,27-2021.00,Athletes and Sports Competitors Bright Outlook
1,60,46,1,45-2092.00,"Farmworkers and Laborers, Crop, Nursery, and Greenhouse"
2,56,46,3,33-3051.00,Police and Sheriff's Patrol Officers
3,53,48,3,33-2011.00,Firefighters
4,53,43,3,33-1011.00,First-Line Supervisors of Correctional Officers
5,53,37,3,33-1021.00,First-Line Supervisors of Firefighting and Prevention Workers
6,50,45,3,33-3052.00,Transit and Railroad Police
7,50,43,2,33-3012.00,Correctional Officers and Jailers
8,50,37,2,47-2031.00,Carpenters
9,50,37,2,31-1132.00,Orderlies
10,44,37,2,51-8099.01,Biofuels Processing Technicians
11,44,37,3,39-9031.00,Exercise Trainers and Group Fitness Instructors
12,41,37,3,29-9093.00,Surgical Assistants
13,41,34,3,53-5021.00,"Captains, Mates, and Pilots of Water Vessels"
14,41,34,3,27-2031.00,Dancers
15,38,39,3,33-1012.00,First-Line Supervisors of Police and Detectives
16,38,37,3,33-3021.00,Detectives and Criminal Investigators
17,38,32,3,49-3023.00,Automotive Service Technicians and Mechanics
18,38,32,3,47-2152.00,"Plumbers, Pipefitters, and Steamfitters"
19,35,45,3,33-3011.00,Bailiffs
20,35,41,3,47-2152.04,Solar Thermal Installers and Technicians
21,35,32,4,11-9179.01,Fitness and Wellness Coordinators
22,35,29,2,39-1013.00,First-Line Supervisors of Gambling Services Workers
23,35,27,3,45-1011.00,"First-Line Supervisors of Farming, Fishing, and Forestry Workers"
24,35,27,2,51-5113.00,Print Binding and Finishing Workers
25,31,34,2,31-1133.00,Psychiatric Aides
26,31,32,3,29-2053.00,Psychiatric Technicians
27,31,29,2,49-3021.00,Automotive Body and Related Repairers
28,31,27,4,19-1031.00,Conservation Scientists
29,31,27,3,51-8013.04,Hydroelectric Plant Technicians
30,31,27,2,53-7065.00,Stockers and Order Fillers
31,31,25,4,27-2032.00,Choreographers
32,31,25,2,47-4031.00,Fence Erectors
33,31,25,3,49-9021.00,"Heating, Air Conditioning, and Refrigeration Mechanics and Installers"
34,31,25,2,51-4072.00,"Molding, Coremaking, and Casting Machine Setters, Operators, and Tenders, Metal and Plastic"
35,31,25,2,51-6093.00,Upholsterers
36,31,23,3,47-2111.00,Electricians
37,31,23,2,47-2053.00,Terrazzo Workers and Finishers
38,31,21,3,49-3042.00,"Mobile Heavy Equipment Mechanics, Except Engines"
39,31,21,2,47-2171.00,Reinforcing Iron and Rebar Workers
40,31,21,2,47-2181.00,Roofers
41,31,20,2,47-2061.00,Construction Laborers
42,31,20,2,47-2081.00,Drywall and Ceiling Tile Installers
43,28,30,5,25-2059.01,Adapted Physical Education Specialists
44,28,30,4,29-1141.03,Critical Care Nurses
45,28,30,2,33-9032.00,Security Guards
46,28,29,3,17-3027.01,Automotive Engineering Technicians
47,28,29,3,33-2021.00,Fire Inspectors and Investigators
48,28,29,2,51-9151.00,Photographic Process Workers and Processing Machine Operators
49,28,27,2,53-6061.00,Passenger Attendants
50,28,27,2,51-4121.00,"Welders, Cutters, Solderers, and Brazers"
51,28,25,1,35-3023.01,Baristas
52,28,25,3,49-9092.00,Commercial Divers
53,28,25,2,51-9021.00,"Crushing, Grinding, and Polishing Machine Setters, Operators, and Tenders"
54,28,25,4,21-1092.00,Probation Officers and Correctional Treatment Specialists
55,28,23,2,47-2021.00,Brickmasons and Blockmasons
56,28,23,2,51-4071.00,Foundry Mold and Coremakers
57,28,23,5,29-1171.00,Nurse Practitioners
58,28,23,3,49-2021.00,"Radio, Cellular, and Tower Equipment Installers and Repairers"
59,28,23,2,47-5043.00,"Roof Bolters, Mining"
60,28,21,1,37-3011.00,Landscaping and Groundskeeping Workers
61,28,21,3,49-9071.00,"Maintenance and Repair Workers, General"
62,28,21,2,47-2221.00,Structural Iron and Steel Workers
63,28,20,1,47-2051.00,Cement Masons and Concrete Finishers
64,28,20,4,11-9199.08,Loss Prevention Managers
65,28,20,3,49-3051.00,Motorboat Mechanics and Service Technicians
66,28,18,5,29-1071.00,Physician Assistants
67,28,18,2,49-3092.00,Recreational Vehicle Service Technicians
68,28,Not available,1,45-4021.00,Fallers
69,25,29,3,29-2061.00,Licensed Practical and Licensed Vocational Nurses
70,25,27,3,29-1141.01,Acute Care Nurses
71,25,27,3,33-3051.04,Customs and Border Protection Officers
72,25,27,4,29-1129.02,Music Therapists
73,25,27,4,29-1125.00,Recreational Therapists
74,25,27,2,53-4041.00,Subway and Streetcar Operators
75,25,25,5,29-1141.02,Advanced Practice Psychiatric Nurses
76,25,25,5,21-1011.00,Substance Abuse and Behavioral Disorder Counselors
77,25,23,5,29-9091.00,Athletic Trainers
78,25,23,3,17-3027.00,Mechanical Engineering Technologists and Technicians
79,25,23,3,29-2034.00,Radiologic Technologists and Technicians
80,25,23,2,33-9099.02,Retail Loss Prevention Specialists
81,25,23,2,51-6041.00,Shoe and Leather Workers and Repairers
82,25,21,2,51-4032.00,"Drilling and Boring Machine Tool Setters, Operators, and Tenders, Metal and Plastic"
83,25,21,2,47-3011.00,"Helpers--Brickmasons, Blockmasons, Stonemasons, and Tile and Marble Setters"
84,25,21,2,33-3041.00,Parking Enforcement Workers
85,25,21,2,47-2151.00,Pipelayers
86,25,21,1,47-5071.00,"Roustabouts, Oil and Gas"
87,25,21,3,11-9199.09,Wind Energy Operations Managers
88,25,20,1,39-3091.00,Amusement and Recreation Attendants
89,25,20,1,35-2011.00,"Cooks, Fast Food"
90,25,20,3,35-2013.00,"Cooks, Private Household"
91,25,20,2,51-4021.00,"Extruding and Drawing Machine Setters, Operators, and Tenders, Metal and Plastic"
92,25,20,4,19-1032.00,Foresters
93,25,20,2,49-9098.00,"Helpers--Installation, Maintenance, and Repair Workers"
94,25,20,2,51-9061.00,"Inspectors, Testers, Sorters, Samplers, and Weighers"
95,25,20,2,33-9092.00,"Lifeguards, Ski Patrol, and Other Recreational Protective Service Workers"
96,25,20,2,51-4035.00,"Milling and Planing Machine Setters, Operators, and Tenders, Metal and Plastic"
97,25,20,2,39-9011.01,Nannies
98,25,20,2,31-1122.00,Personal Care Aides
99,25,20,2,47-4061.00,Rail-Track Laying and Maintenance Equipment Operators
100,25,20,2,47-2211.00,Sheet Metal Workers
101,25,18,2,51-7011.00,Cabinetmakers and Bench Carpenters
102,25,18,3,49-3041.00,Farm Equipment Mechanics and Service Technicians
103,25,18,2,45-4011.00,Forest and Conservation Workers
104,25,18,2,51-9022.00,"Grinding and Polishing Workers, Hand"
105,25,18,2,47-3013.00,Helpers--Electricians
106,25,18,2,47-3016.00,Helpers--Roofers
107,25,18,5,29-1223.00,Psychiatrists
108,25,18,4,25-2058.00,"Special Education Teachers, Secondary School"
109,25,16,5,29-1129.01,Art Therapists
110,25,16,2,45-4023.00,Log Graders and Scalers
111,25,16,2,51-3023.00,Slaughterers and Meat Packers
112,25,16,4,19-1023.00,Zoologists and Wildlife Biologists
113,25,14,2,47-3012.00,Helpers--Carpenters
114,25,14,2,27-2023.00,"Umpires, Referees, and Other Sports Officials"
115,25,14,2,51-4122.00,"Welding, Soldering, and Brazing Machine Setters, Operators, and Tenders"
116,25,Not available,2,49-9095.00,Manufactured Building and Mobile Home Installers
117,22,25,4,33-3031.00,Fish and Game Wardens
118,22,25,2,31-1121.00,Home Health Aides
119,22,23,3,31-1131.00,Nursing Assistants
120,22,23,3,31-2012.00,Occupational Therapy Aides
121,22,23,2,53-6021.00,Parking Attendants
122,22,21,2,47-5023.00,"Earth Drillers, Except Oil and Gas"
123,22,21,2,47-2082.00,Tapers
124,22,21,2,33-9093.00,Transportation Security Screeners
125,22,20,2,47-5041.00,Continuous Mining Machine Operators
126,22,20,1,53-7011.00,Conveyor Operators and Tenders
127,22,20,3,49-9043.00,"Maintenance Workers, Machinery"
128,22,20,2,49-9011.00,Mechanical Door Repairers
129,22,20,2,51-4051.00,Metal-Refining Furnace Operators and Tenders
130,22,20,2,53-5011.00,Sailors and Marine Oilers
131,22,20,1,47-4071.00,Septic Tank Servicers and Sewer Pipe Cleaners
132,22,20,2,51-4194.00,"Tool Grinders, Filers, and Sharpeners"
133,22,18,2,39-6011.00,Baggage Porters and Bellhops
134,22,18,2,49-3091.00,Bicycle Repairers
135,22,18,3,49-3031.00,Bus and Truck Mechanics and Diesel Engine Specialists
136,22,18,4,27-2022.00,Coaches and Scouts
137,22,18,1,51-9031.00,"Cutters and Trimmers, Hand"
138,22,18,2,51-4031.00,"Cutting, Punching, and Press Machine Setters, Operators, and Tenders, Metal and Plastic"
139,22,18,2,45-2093.00,"Farmworkers, Farm, Ranch, and Aquacultural Animals"
140,22,18,3,37-1012.00,"First-Line Supervisors of Landscaping, Lawn Service, and Groundskeeping Workers"
141,22,18,2,51-9195.04,"Glass Blowers, Molders, Benders, and Finishers"
142,22,18,2,53-7051.00,Industrial Truck and Tractor Operators
143,22,18,3,51-4041.00,Machinists
144,22,18,3,49-3052.00,Motorcycle Mechanics
145,22,18,2,51-9196.00,"Paper Goods Machine Setters, Operators, and Tenders"
146,22,18,2,47-2071.00,"Paving, Surfacing, and Tamping Equipment Operators"
147,22,18,1,47-2161.00,Plasterers and Stucco Masons
148,22,18,2,53-7081.00,Refuse and Recyclable Material Collectors
149,22,16,2,51-9191.00,Adhesive Bonding Machine Operators and Tenders
150,22,16,3,49-2092.00,"Electric Motor, Power Tool, and Related Repairers"
151,22,16,2,47-5081.00,Helpers--Extraction Workers
152,22,16,2,51-9198.00,Helpers--Production Workers
153,22,16,3,51-4062.00,"Patternmakers, Metal and Plastic"
154,22,16,2,51-9195.03,"Stone Cutters and Carvers, Manufacturing"
155,22,16,2,49-3093.00,Tire Repairers and Changers
156,22,16,2,51-7042.00,"Woodworking Machine Setters, Operators, and Tenders, Except Sawing"
157,22,14,2,53-6011.00,Bridge and Lock Tenders
158,22,14,2,51-9011.00,Chemical Equipment Operators and Tenders
159,22,14,3,53-2012.00,Commercial Pilots
160,22,14,2,51-9032.00,"Cutting and Slicing Machine Setters, Operators, and Tenders"
161,22,14,2,51-4034.00,"Lathe and Turning Machine Tool Setters, Operators, and Tenders, Metal and Plastic"
162,22,14,5,21-1023.00,Mental Health and Substance Abuse Social Workers
163,22,14,4,39-9032.00,Recreation Workers
164,22,14,3,53-5031.00,Ship Engineers
165,22,14,3,29-2056.00,Veterinary Technologists and Technicians
166,22,13,2,11-9071.00,Gambling Managers
167,22,13,5,29-1229.02,Hospitalists
168,22,13,3,31-9011.00,Massage Therapists
169,22,13,3,51-4061.00,"Model Makers, Metal and Plastic"
170,22,Not available,2,49-9044.00,Millwrights
171,20,15,1,45-3031.00,Fishing and Hunting Workers
172,19,20,5,29-1141.04,Clinical Nurse Specialists
173,19,20,2,33-9031.00,Gambling Surveillance Officers and Gambling Investigators
174,19,20,2,47-2131.00,"Insulation Workers, Floor, Ceiling, and Wall"
175,19,18,1,45-2091.00,Agricultural Equipment Operators
176,19,18,5,19-3091.00,Anthropologists and Archeologists
177,19,18,2,47-2041.00,Carpet Installers
178,19,18,5,21-1012.00,"Educational, Guidance, and Career Counselors and Advisors"
179,19,18,1,35-2021.00,Food Preparation Workers
180,19,18,3,47-4041.00,Hazardous Materials Removal Workers
181,19,18,3,49-9063.00,Musical Instrument Repairers and Tuners
182,19,18,4,19-1031.03,Park Naturalists
183,19,18,2,49-3043.00,Rail Car Repairers
184,19,18,2,49-9096.00,Riggers
185,19,16,2,53-1041.00,Aircraft Cargo Handling Supervisors
186,19,16,2,51-2011.00,"Aircraft Structure, Surfaces, Rigging, and Systems Assemblers"
187,19,16,2,45-2021.00,Animal Breeders
188,19,16,3,49-2093.00,"Electrical and Electronics Installers and Repairers, Transportation Equipment"
189,19,16,2,51-2051.00,Fiberglass Laminators and Fabricators
190,19,16,2,51-4022.00,"Forging Machine Setters, Operators, and Tenders, Metal and Plastic"
191,19,16,2,51-7021.00,Furniture Finishers
192,19,16,2,53-7071.00,Gas Compressor and Gas Pumping Station Operators
193,19,16,2,49-9099.01,Geothermal Technicians
194,19,16,2,53-3032.00,Heavy and Tractor-Trailer Truck Drivers
195,19,16,1,51-6011.00,Laundry and Dry-Cleaning Workers
196,19,16,5,25-4022.00,Librarians and Media Collections Specialists
197,19,16,2,43-9051.00,"Mail Clerks and Mail Machine Operators, Except Postal Service"
198,19,16,1,51-3022.00,"Meat, Poultry, and Fish Cutters and Trimmers"
199,19,16,3,49-9062.00,Medical Equipment Repairers
200,19,16,4,27-2042.00,Musicians and Singers
201,19,16,4,29-1141.00,Registered Nurses
202,19,16,2,51-9012.00,"Separating, Filtering, Clarifying, Precipitating, and Still Machine Setters, Operators, and Tenders"
203,19,16,2,43-5071.00,"Shipping, Receiving, and Inventory Clerks"
204,19,16,5,25-2051.00,"Special Education Teachers, Preschool"
205,19,16,2,53-7121.00,"Tank Car, Truck, and Ship Loaders"
206,19,14,2,33-9011.00,Animal Control Workers
207,19,14,3,47-1011.00,First-Line Supervisors of Construction Trades and Extraction Workers
208,19,14,2,47-2121.00,Glaziers
209,19,14,5,21-1022.00,Healthcare Social Workers
210,19,14,2,51-4191.00,"Heat Treating Equipment Setters, Operators, and Tenders, Metal and Plastic"
211,19,14,3,27-1026.00,Merchandise Displayers and Window Trimmers
212,19,14,2,43-5041.00,"Meter Readers, Utilities"
213,19,14,4,27-2041.00,Music Directors and Composers
214,19,14,2,43-5052.00,Postal Service Mail Carriers
215,19,14,2,49-9052.00,Telecommunications Line Installers and Repairers
216,19,14,2,47-4099.03,Weatherization Installers and Technicians
217,19,13,2,53-6031.00,Automotive and Watercraft Service Attendants
218,19,13,4,21-1021.00,"Child, Family, and School Social Workers"
219,19,13,3,13-1041.00,Compliance Officers
220,19,13,2,51-4033.00,"Grinding, Lapping, Polishing, and Buffing Machine Tool Setters, Operators, and Tenders, Metal and Plastic"
221,19,13,5,21-1014.00,Mental Health Counselors
222,19,13,2,17-3029.01,Non-Destructive Testing Specialists
223,19,13,3,31-9097.00,Phlebotomists
224,19,13,2,53-4013.00,"Rail Yard Engineers, Dinkey Operators, and Hostlers"
225,19,13,3,17-3024.01,Robotics Technicians
226,19,13,2,37-3013.00,Tree Trimmers and Pruners
227,19,13,2,53-7073.00,Wellhead Pumpers
228,19,11,2,43-5021.00,Couriers and Messengers
229,19,11,2,51-9041.00,"Extruding, Forming, Pressing, and Compacting Machine Setters, Operators, and Tenders"
230,19,11,5,17-2199.09,Nanosystems Engineers
231,19,11,4,21-1093.00,Social and Human Service Assistants
232,19,9,2,47-2073.00,Operating Engineers and Other Construction Equipment Operators
233,16,18,2,49-9031.00,Home Appliance Repairers
234,16,16,3,49-2095.00,"Electrical and Electronics Repairers, Powerhouse, Substation, and Relay"
235,16,16,2,47-4051.00,Highway Maintenance Workers
236,16,16,2,47-5044.00,"Loading and Moving Machine Operators, Underground Mining"
237,16,16,2,49-9094.00,Locksmiths and Safe Repairers
238,16,16,2,53-7063.00,Machine Feeders and Offbearers
239,16,16,3,51-9082.00,Medical Appliance Technicians
240,16,16,3,51-8021.00,Stationary Engineers and Boiler Operators
241,16,16,2,51-6061.00,Textile Bleaching and Dyeing Machine Operators and Tenders
242,16,14,3,27-4011.00,Audio and Video Technicians
243,16,14,3,47-2011.00,Boilermakers
244,16,14,2,43-5011.00,Cargo and Freight Agents
245,16,14,2,49-9051.00,Electrical Power-Line Installers and Repairers
246,16,14,3,49-2096.00,"Electronic Equipment Installers and Repairers, Motor Vehicles"
247,16,14,3,47-4021.00,Elevator and Escalator Installers and Repairers
248,16,14,4,29-1128.00,Exercise Physiologists
249,16,14,2,51-6091.00,"Extruding and Forming Machine Setters, Operators, and Tenders, Synthetic and Glass Fibers"
250,16,14,1,47-2043.00,Floor Sanders and Finishers
251,16,14,3,19-4051.00,Nuclear Technicians
252,16,14,2,51-9111.00,Packaging and Filling Machine Operators and Tenders
253,16,14,2,37-2021.00,Pest Control Workers
254,16,14,2,51-8093.00,"Petroleum Pump System Operators, Refinery Operators, and Gaugers"
255,16,14,2,51-4193.00,"Plating Machine Setters, Operators, and Tenders, Metal and Plastic"
256,16,14,4,17-2199.11,Solar Energy Systems Engineers
257,16,14,2,51-6064.00,"Textile Winding, Twisting, and Drawing Out Machine Setters, Operators, and Tenders"
258,16,14,3,53-6041.00,Traffic Technicians
259,16,14,2,43-5111.00,"Weighers, Measurers, Checkers, and Samplers, Recordkeeping"
260,16,13,2,53-3011.00,"Ambulance Drivers and Attendants, Except Emergency Medical Technicians"
261,16,13,3,27-4031.00,"Camera Operators, Television, Video, and Film"
262,16,13,2,51-2021.00,"Coil Winders, Tapers, and Finishers"
263,16,13,2,35-2014.00,"Cooks, Restaurant"
264,16,13,2,51-9193.00,Cooling and Freezing Equipment Operators and Tenders
265,16,13,2,39-3092.00,Costume Attendants
266,16,13,3,49-2094.00,"Electrical and Electronics Repairers, Commercial and Industrial Equipment"
267,16,13,3,17-3024.00,Electro-Mechanical and Mechatronics Technologists and Technicians
268,16,13,2,53-2031.00,Flight Attendants
269,16,13,2,51-3093.00,Food Cooking Machine Operators and Tenders
270,16,13,2,11-9051.00,Food Service Managers
271,16,13,3,19-4071.00,Forest and Conservation Technicians
272,16,13,3,33-2022.00,Forest Fire Inspectors and Prevention Specialists
273,16,13,2,47-3015.00,"Helpers--Pipelayers, Plumbers, Pipefitters, and Steamfitters"
274,16,13,2,47-2132.00,"Insulation Workers, Mechanical"
275,16,13,2,53-7062.00,"Laborers and Freight, Stock, and Material Movers, Hand"
276,16,13,2,51-4192.00,"Layout Workers, Metal and Plastic"
277,16,13,5,17-2199.06,Microsystems Engineers
278,16,13,2,53-5022.00,Motorboat Operators
279,16,13,3,31-2021.00,Physical Therapist Assistants
280,16,13,2,51-4052.00,"Pourers and Casters, Metal"
281,16,13,1,51-6021.00,"Pressers, Textile, Garment, and Related Materials"
282,16,13,2,51-4023.00,"Rolling Machine Setters, Operators, and Tenders, Metal and Plastic"
283,16,13,3,51-2041.00,Structural Metal Fabricators and Fitters
284,16,13,2,51-6062.00,"Textile Cutting Machine Setters, Operators, and Tenders"
285,16,13,2,51-9197.00,Tire Builders
286,16,13,3,49-9081.00,Wind Turbine Service Technicians
287,16,11,2,51-9124.00,"Coating, Painting, and Spraying Machine Setters, Operators, and Tenders"
288,16,11,3,51-9162.00,Computer Numerically Controlled Tool Programmers
289,16,11,2,43-9021.00,Data Entry Keyers
290,16,11,2,51-9083.00,Ophthalmic Laboratory Technicians
291,16,11,2,49-3053.00,Outdoor Power Equipment and Other Small Engine Mechanics
292,16,11,2,43-5051.00,Postal Service Clerks
293,16,11,3,49-2098.00,Security and Fire Alarm Systems Installers
294,16,11,3,47-2022.00,Stonemasons
295,16,11,4,17-1022.00,Surveyors
296,16,11,2,39-7012.00,Travel Guides
297,16,9,2,53-3052.00,"Bus Drivers, Transit and Intercity"
298,16,9,5,11-9032.00,"Education Administrators, Kindergarten through Secondary"
299,16,9,2,31-9099.02,Endoscopy Technicians
300,16,9,2,53-1042.00,"First-Line Supervisors of Helpers, Laborers, and Material Movers, Hand"
301,16,9,2,51-9023.00,"Mixing and Blending Machine Setters, Operators, and Tenders"
302,16,9,2,41-2022.00,Parts Salespersons
303,16,Not relevant,4,17-3026.01,Nanotechnology Engineering Technologists and Technicians
304,13,14,2,51-3021.00,Butchers and Meat Cutters
305,13,14,2,51-8091.00,Chemical Plant and System Operators
306,13,14,4,11-9081.00,Lodging Managers
307,13,14,2,51-2092.00,Team Assemblers
308,13,13,2,27-2011.00,Actors
309,13,13,2,51-9192.00,"Cleaning, Washing, and Metal Pickling Equipment Operators and Tenders"
310,13,13,2,51-9161.00,Computer Numerically Controlled Tool Operators
311,13,13,2,41-9011.00,Demonstrators and Product Promoters
312,13,13,2,51-9194.00,Etchers and Engravers
313,13,13,2,51-3091.00,"Food and Tobacco Roasting, Baking, and Drying Machine Operators and Tenders"
314,13,13,2,51-3092.00,Food Batchmakers
315,13,13,3,19-4092.00,Forensic Science Technicians
316,13,13,3,49-9041.00,Industrial Machinery Mechanics
317,13,13,3,37-2011.00,"Janitors and Cleaners, Except Maids and Housekeeping Cleaners"
318,13,13,5,25-1072.00,"Nursing Instructors and Teachers, Postsecondary"
319,13,13,1,51-9123.00,"Painting, Coating, and Decorating Workers"
320,13,13,2,37-3012.00,"Pesticide Handlers, Sprayers, and Applicators, Vegetation"
321,13,13,3,49-2022.00,"Telecommunications Equipment Installers and Repairers, Except Line Installers"
322,13,11,3,11-3012.00,Administrative Services Managers
323,13,11,4,11-3051.03,Biofuels Production Managers
324,13,11,2,51-8013.03,Biomass Plant Technicians
325,13,11,2,41-2011.00,Cashiers
326,13,11,2,53-7061.00,Cleaners of Vehicles and Equipment
327,13,11,2,49-9091.00,"Coin, Vending, and Amusement Machine Servicers and Repairers"
328,13,11,3,49-9012.00,"Control and Valve Installers and Repairers, Except Mechanical Door"
329,13,11,1,35-9011.00,Dining Room and Cafeteria Attendants and Bartender Helpers
330,13,11,1,35-9021.00,Dishwashers
331,13,11,2,53-3031.00,Driver/Sales Workers
332,13,11,2,41-1011.00,First-Line Supervisors of Retail Sales Workers
333,13,11,2,51-9051.00,"Furnace, Kiln, Oven, Drier, and Kettle Operators and Tenders"
334,13,11,2,51-8092.00,Gas Plant Operators
335,13,11,5,29-1216.00,General Internal Medicine Physicians
336,13,11,2,43-4081.00,"Hotel, Motel, and Resort Desk Clerks"
337,13,11,5,19-2043.00,Hydrologists
338,13,11,4,25-2012.00,"Kindergarten Teachers, Except Special Education"
339,13,11,1,45-4022.00,Logging Equipment Operators
340,13,11,2,51-9195.00,"Molders, Shapers, and Casters, Except Metal and Plastic"
341,13,11,2,51-4081.00,"Multiple Machine Tool Setters, Operators, and Tenders, Metal and Plastic"
342,13,11,3,31-2011.00,Occupational Therapy Assistants
343,13,11,5,29-1123.00,Physical Therapists
344,13,11,2,47-2072.00,Pile Driver Operators
345,13,11,2,43-5053.00,"Postal Service Mail Sorters, Processors, and Processing Machine Operators"
346,13,11,2,11-9131.00,Postmasters and Mail Superintendents
347,13,11,2,41-2031.00,Retail Salespersons
348,13,9,2,39-2021.00,Animal Caretakers
349,13,9,3,49-2091.00,Avionics Technicians
350,13,9,4,27-3011.00,Broadcast Announcers and Radio Disc Jockeys
351,13,9,3,27-1012.00,Craft Artists
352,13,9,2,33-9091.00,Crossing Guards and Flaggers
353,13,9,4,11-9031.00,"Education and Childcare Administrators, Preschool and Daycare"
354,13,9,2,51-2023.00,Electromechanical Equipment Assemblers
355,13,9,3,39-4011.00,Embalmers
356,13,9,4,19-4042.00,"Environmental Science and Protection Technicians, Including Health"
357,13,9,5,25-9021.00,Farm and Home Management Educators
358,13,9,2,27-1023.00,Floral Designers
359,13,9,4,19-1012.00,Food Scientists and Technologists
360,13,9,3,13-1041.04,Government Property Inspectors and Investigators
361,13,9,3,19-5012.00,Occupational Health and Safety Technicians
362,13,9,5,29-1122.00,Occupational Therapists
363,13,9,3,33-3021.02,Police Identification and Records Officers
364,13,9,3,51-9195.05,"Potters, Manufacturing"
365,13,9,3,51-4111.00,Tool and Die Makers
366,13,9,3,51-8031.00,Water and Wastewater Treatment Plant and System Operators
367,13,7,4,53-2011.00,"Airline Pilots, Copilots, and Flight Engineers"
368,13,7,3,35-1011.00,Chefs and Head Cooks
369,13,7,3,39-6012.00,Concierges
370,13,7,3,47-4011.01,Energy Auditors
371,13,7,3,27-1013.00,"Fine Artists, Including Painters, Sculptors, and Illustrators"
372,13,7,3,39-1022.00,First-Line Supervisors of Personal Service Workers
373,13,7,2,53-3033.00,Light Truck Drivers
374,13,7,2,53-4011.00,Locomotive Engineers
375,13,7,3,29-2099.01,Neurodiagnostic Technologists
376,13,7,5,29-2091.00,Orthotists and Prosthetists
377,13,7,4,17-2199.08,Robotics Engineers
378,10,13,3,49-1011.00,"First-Line Supervisors of Mechanics, Installers, and Repairers"
379,10,13,3,51-1011.00,First-Line Supervisors of Production and Operating Workers
380,10,11,3,49-2011.00,"Computer, Automated Teller, and Office Machine Repairers"
381,10,11,2,35-2015.00,"Cooks, Short Order"
382,10,11,3,39-5012.00,"Hairdressers, Hairstylists, and Cosmetologists"
383,10,11,5,29-1218.00,Obstetricians and Gynecologists
384,10,11,2,43-9071.00,"Office Machine Operators, Except Computer"
385,10,11,2,53-7072.00,"Pump Operators, Except Wellhead Pumpers"
386,10,11,3,49-9097.00,Signal and Track Switch Repairers
387,10,9,3,53-6051.01,Aviation Inspectors
388,10,9,4,11-3051.04,Biomass Power Plant Managers
389,10,9,3,25-1194.00,"Career/Technical Education Teachers, Postsecondary"
390,10,9,2,39-9011.00,Childcare Workers
391,10,9,2,37-1011.00,First-Line Supervisors of Housekeeping and Janitorial Workers
392,10,9,4,11-3051.00,Industrial Production Managers
393,10,9,4,17-2112.03,Manufacturing Engineers
394,10,9,3,51-7032.00,"Patternmakers, Wood"
395,10,9,2,31-2022.00,Physical Therapist Aides
396,10,9,3,25-2011.00,"Preschool Teachers, Except Special Education"
397,10,9,4,21-1015.00,Rehabilitation Counselors
398,10,9,2,39-3031.00,"Ushers, Lobby Attendants, and Ticket Takers"
399,10,7,3,17-3021.00,Aerospace Engineering and Operations Technologists and Technicians
400,10,7,4,17-2021.00,Agricultural Engineers
401,10,7,2,39-2011.00,Animal Trainers
402,10,7,3,49-2097.00,Audiovisual Equipment Installers and Repairers
403,10,7,4,25-2023.00,"Career/Technical Education Teachers, Middle School"
404,10,7,4,25-2032.00,"Career/Technical Education Teachers, Secondary School"
405,10,7,5,29-1011.00,Chiropractors
406,10,7,2,41-2021.00,Counter and Rental Clerks
407,10,7,4,17-3025.00,Environmental Engineering Technologists and Technicians
408,10,7,1,35-3023.00,Fast Food and Counter Workers
409,10,7,2,35-1012.00,First-Line Supervisors of Food Preparation and Serving Workers
410,10,7,2,35-3041.00,"Food Servers, Nonrestaurant"
411,10,7,5,25-1071.00,"Health Specialties Teachers, Postsecondary"
412,10,7,4,27-3091.00,Interpreters and Translators
413,10,7,5,29-9099.01,Midwives
414,10,7,5,29-1081.00,Podiatrists
415,10,7,2,51-8013.00,Power Plant Operators
416,10,7,2,51-5112.00,Printing Press Operators
417,10,7,4,41-4012.00,"Sales Representatives, Wholesale and Manufacturing, Except Technical and Scientific Products"
418,10,7,1,51-6031.00,Sewing Machine Operators
419,10,7,2,51-6052.00,"Tailors, Dressmakers, and Custom Sewers"
420,10,7,2,51-6063.00,"Textile Knitting and Weaving Machine Setters, Operators, and Tenders"
421,10,7,2,47-2044.00,Tile and Stone Setters
422,10,7,5,29-1131.00,Veterinarians
423,10,7,2,31-9096.00,Veterinary Assistants and Laboratory Animal Caretakers
424,10,5,5,25-1041.00,"Agricultural Sciences Teachers, Postsecondary"
425,10,5,3,53-2022.00,Airfield Operations Specialists
426,10,5,5,29-1229.01,Allergists and Immunologists
427,10,5,5,19-1011.00,Animal Scientists
428,10,5,4,19-4021.00,Biological Technicians
429,10,5,3,49-9061.00,Camera and Photographic Equipment Repairers
430,10,5,2,51-9081.00,Dental Laboratory Technicians
431,10,5,3,29-2051.00,Dietetic Technicians
432,10,5,4,25-2021.00,"Elementary School Teachers, Except Special Education"
433,10,5,4,17-2111.02,Fire-Prevention and Protection Engineers
434,10,5,5,25-1043.00,"Forestry and Conservation Science Teachers, Postsecondary"
435,10,5,2,43-3041.00,Gambling Cage Workers
436,10,5,4,11-1021.00,General and Operations Managers
437,10,5,1,45-2041.00,"Graders and Sorters, Agricultural Products"
438,10,5,3,13-1032.00,"Insurance Appraisers, Auto Damage"
439,10,5,3,29-2035.00,Magnetic Resonance Imaging Technologists
440,10,5,5,21-1013.00,Marriage and Family Therapists
441,10,5,5,19-1029.02,Molecular and Cellular Biologists
442,10,5,5,29-1161.00,Nurse Midwives
443,10,5,3,29-2081.00,"Opticians, Dispensing"
444,10,5,2,53-7064.00,"Packers and Packagers, Hand"
445,10,5,2,43-5031.00,Public Safety Telecommunicators
446,10,5,2,51-7041.00,"Sawing Machine Setters, Operators, and Tenders, Wood"
447,10,Not relevant,2,35-3011.00,Bartenders
448,10,Not relevant,2,47-5032.00,"Explosives Workers, Ordnance Handling Experts, and Blasters"
449,8,Not relevant,4,17-2121.00,Marine Engineers and Naval Architects
450,6,Not relevant,5,29-1291.00,Acupuncturists
451,6,Not relevant,3,49-3011.00,Aircraft Mechanics and Service Technicians
452,6,Not relevant,5,25-1121.00,"Art, Drama, and Music Teachers, Postsecondary"
453,6,Not relevant,3,39-5011.00,Barbers
454,6,Not relevant,5,19-1029.04,Biologists
455,6,Not relevant,3,19-4031.00,Chemical Technicians
456,6,Not relevant,4,19-2031.00,Chemists
457,6,Not relevant,3,15-1232.00,Computer User Support Specialists
458,6,Not relevant,3,47-4011.00,Construction and Building Inspectors
459,6,Not relevant,2,35-2012.00,"Cooks, Institution and Cafeteria"
460,6,Not relevant,3,53-7021.00,Crane and Tower Operators
461,6,Not relevant,2,43-4051.00,Customer Service Representatives
462,6,Not relevant,4,29-2011.01,Cytogenetic Technologists
463,6,Not relevant,5,29-2011.02,Cytotechnologists
464,6,Not relevant,3,31-9091.00,Dental Assistants
465,6,Not relevant,3,29-1292.00,Dental Hygienists
466,6,Not relevant,5,29-1213.00,Dermatologists
467,6,Not relevant,1,47-5011.00,"Derrick Operators, Oil and Gas"
468,6,Not relevant,4,21-2021.00,"Directors, Religious Activities and Education"
469,6,Not relevant,2,53-7031.00,Dredge Operators
470,6,Not relevant,4,11-9161.00,Emergency Management Directors
471,6,Not relevant,3,43-6011.00,Executive Secretaries and Executive Administrative Assistants
472,6,Not relevant,3,43-1011.00,First-Line Supervisors of Office and Administrative Support Workers
473,6,Not relevant,3,51-9071.06,Gem and Diamond Workers
474,6,Not relevant,4,17-1022.01,Geodetic Surveyors
475,6,Not relevant,4,19-4043.00,"Geological Technicians, Except Hydrologic Technicians"
476,6,Not relevant,4,21-1091.00,Health Education Specialists
477,6,Not relevant,1,47-3014.00,"Helpers--Painters, Paperhangers, Plasterers, and Stucco Masons"
478,6,Not relevant,2,35-9031.00,"Hosts and Hostesses, Restaurant, Lounge, and Coffee Shop"
479,6,Not relevant,3,51-9071.00,Jewelers and Precious Stone and Metal Workers
480,6,Not relevant,3,25-4031.00,Library Technicians
481,6,Not relevant,5,29-1122.01,"Low Vision Therapists, Orientation and Mobility Specialists, and Vision Rehabilitation Therapists"
482,6,Not relevant,1,37-2012.00,Maids and Housekeeping Cleaners
483,6,Not relevant,4,27-2012.05,Media Technical Directors/Managers
484,6,Not relevant,3,31-9092.00,Medical Assistants
485,6,Not relevant,4,13-1121.00,"Meeting, Convention, and Event Planners"
486,6,Not relevant,5,19-1022.00,Microbiologists
487,6,Not relevant,4,25-2022.00,"Middle School Teachers, Except Special and Career/Technical Education"
488,6,Not relevant,2,41-9012.00,Models
489,6,Not relevant,3,39-4031.00,"Morticians, Undertakers, and Funeral Arrangers"
490,6,Not relevant,2,39-3021.00,Motion Picture Projectionists
491,6,Not relevant,4,25-4013.00,Museum Technicians and Conservators
492,6,Not relevant,3,43-4141.00,New Accounts Clerks
493,6,Not relevant,5,29-1151.00,Nurse Anesthetists
494,6,Not relevant,3,29-2099.05,Ophthalmic Medical Technologists
495,6,Not relevant,5,29-1241.00,"Ophthalmologists, Except Pediatric"
496,6,Not relevant,5,29-1299.02,Orthoptists
497,6,Not relevant,3,27-4021.00,Photographers
498,6,Not relevant,5,29-1222.00,"Physicians, Pathologists"
499,6,Not relevant,3,51-8012.00,Power Distributors and Dispatchers
500,6,Not relevant,3,19-4012.01,Precision Agriculture Technicians
501,6,Not relevant,3,33-9021.00,Private Detectives and Investigators
502,6,Not relevant,2,43-3061.00,Procurement Clerks
503,6,Not relevant,4,27-2012.00,Producers and Directors
504,6,Not relevant,3,19-4099.01,Quality Control Analysts
505,6,Not relevant,5,29-1224.00,Radiologists
506,6,Not relevant,3,41-9022.00,Real Estate Sales Agents
507,6,Not relevant,2,43-4181.00,Reservation and Transportation Ticket Agents and Travel Clerks
508,6,Not relevant,3,39-9041.00,Residential Advisors
509,6,Not relevant,1,47-5051.00,"Rock Splitters, Quarry"
510,6,Not relevant,3,25-3021.00,Self-Enrichment Teachers
511,6,Not relevant,2,47-5013.00,"Service Unit Operators, Oil and Gas"
512,6,Not relevant,5,19-1013.00,Soil and Plant Scientists
513,6,Not relevant,3,47-1011.03,Solar Energy Installation Managers
514,6,Not relevant,2,47-2231.00,Solar Photovoltaic Installers
515,6,Not relevant,4,25-2057.00,"Special Education Teachers, Middle School"
516,6,Not relevant,2,43-3071.00,Tellers
517,6,Not relevant,2,53-6051.07,"Transportation Vehicle, Equipment and Systems Inspectors, Except Aviation"
518,6,Not relevant,2,35-3031.00,Waiters and Waitresses
519,6,Not relevant,3,13-1022.00,"Wholesale and Retail Buyers, Except Farm Products"
520,5,Not relevant,4,11-9013.00,"Farmers, Ranchers, and Other Agricultural Managers"
521,5,Not relevant,4,17-2111.00,"Health and Safety Engineers, Except Mining Safety Engineers and Inspectors"
522,5,Not relevant,3,17-3031.00,Surveying and Mapping Technicians
523,4,Not relevant,3,17-3023.00,Electrical and Electronic Engineering Technologists and Technicians
524,4,Not relevant,4,11-3071.00,"Transportation, Storage, and Distribution Managers"
525,3,Not relevant,5,25-4011.00,Archivists
526,3,Not relevant,5,29-1181.00,Audiologists
527,3,Not relevant,2,49-3022.00,Automotive Glass Installers and Repairers
528,3,Not relevant,2,51-3011.00,Bakers
529,3,Not relevant,3,27-4012.00,Broadcast Technicians
530,3,Not relevant,5,19-3033.00,Clinical and Counseling Psychologists
531,3,Not relevant,4,11-9021.00,Construction Managers
532,3,Not relevant,3,13-1041.06,Coroners
533,3,Not relevant,5,25-4012.00,Curators
534,3,Not relevant,2,51-2022.00,Electrical and Electronic Equipment Assemblers
535,3,Not relevant,3,17-3012.00,Electrical and Electronics Drafters
536,3,Not relevant,2,51-2031.00,Engine and Other Machine Assemblers
537,3,Not relevant,4,13-1041.01,Environmental Compliance Inspectors
538,3,Not relevant,5,19-2041.02,Environmental Restoration Planners
539,3,Not relevant,4,19-2041.00,"Environmental Scientists and Specialists, Including Health"
540,3,Not relevant,2,47-5022.00,"Excavating and Loading Machine and Dragline Operators, Surface Mining"
541,3,Not relevant,3,51-6092.00,Fabric and Apparel Patternmakers
542,3,Not relevant,3,53-1043.00,First-Line Supervisors of Material-Moving Machine and Vehicle Operators
543,3,Not relevant,4,41-1012.00,First-Line Supervisors of Non-Retail Sales Workers
544,3,Not relevant,3,19-4013.00,Food Science Technicians
545,3,Not relevant,3,11-9171.00,Funeral Home Managers
546,3,Not relevant,2,41-2012.00,Gambling Change Persons and Booth Cashiers
547,3,Not relevant,2,39-3011.00,Gambling Dealers
548,3,Not relevant,5,19-2042.00,"Geoscientists, Except Hydrologists and Geographers"
549,3,Not relevant,3,11-3051.02,Geothermal Production Managers
550,3,Not relevant,2,53-7041.00,Hoist and Winch Operators
551,3,Not relevant,4,17-2112.00,Industrial Engineers
552,3,Not relevant,2,43-4121.00,"Library Assistants, Clerical"
553,3,Not relevant,4,13-1081.00,Logisticians
554,3,Not relevant,3,39-5091.00,"Makeup Artists, Theatrical and Performance"
555,3,Not relevant,2,31-9093.00,Medical Equipment Preparers
556,3,Not relevant,5,11-9121.00,Natural Sciences Managers
557,3,Not relevant,4,19-5011.00,Occupational Health and Safety Specialists
558,3,Not relevant,5,29-1041.00,Optometrists
559,3,Not relevant,5,29-1023.00,Orthodontists
560,3,Not relevant,2,47-2141.00,"Painters, Construction and Maintenance"
561,3,Not relevant,2,47-2142.00,Paperhangers
562,3,Not relevant,3,29-2099.08,Patient Representatives
563,3,Not relevant,5,29-1221.00,"Pediatricians, General"
564,3,Not relevant,5,29-1051.00,Pharmacists
565,3,Not relevant,3,29-2052.00,Pharmacy Technicians
566,3,Not relevant,5,29-1229.04,Physical Medicine and Rehabilitation Physicians
567,3,Not relevant,2,53-4022.00,"Railroad Brake, Signal, and Switch Operators and Locomotive Firers"
568,3,Not relevant,2,53-7062.04,Recycling and Reclamation Workers
569,3,Not relevant,2,49-9045.00,"Refractory Materials Repairers, Except Brickmasons"
570,3,Not relevant,2,47-5012.00,"Rotary Drill Operators, Oil and Gas"
571,3,Not relevant,2,47-4091.00,Segmental Pavers
572,3,Not relevant,3,39-7011.00,Tour Guides and Escorts
573,3,Not relevant,5,29-1229.03,Urologists
574,3,Not relevant,3,49-9064.00,Watch and Clock Repairers
575,3,Not relevant,4,11-9199.10,Wind Energy Development Managers
576,3,Not relevant,4,27-3043.00,Writers and Authors
577,2,Not relevant,4,13-2023.00,Appraisers and Assessors of Real Estate
578,2,Not relevant,4,15-1299.02,Geographic Information Systems Technologists and Technicians
579,0,Not relevant,4,13-2011.00,Accountants and Auditors
580,0,Not relevant,4,15-2011.00,Actuaries
581,0,Not relevant,5,23-1021.00,"Administrative Law Judges, Adjudicators, and Hearing Officers"
582,0,Not relevant,4,25-3011.00,"Adult Basic Education, Adult Secondary Education, and English as a Second Language Instructors"
583,0,Not relevant,4,11-2011.00,Advertising and Promotions Managers
584,0,Not relevant,4,41-3011.00,Advertising Sales Agents
585,0,Not relevant,4,17-2011.00,Aerospace Engineers
586,0,Not relevant,4,13-1011.00,"Agents and Business Managers of Artists, Performers, and Athletes"
587,0,Not relevant,2,45-2011.00,Agricultural Inspectors
588,0,Not relevant,3,19-4012.00,Agricultural Technicians
589,0,Not relevant,3,53-2021.00,Air Traffic Controllers
590,0,Not relevant,5,29-1071.01,Anesthesiologist Assistants
591,0,Not relevant,5,29-1211.00,Anesthesiologists
592,0,Not relevant,5,25-1061.00,"Anthropology and Archeology Teachers, Postsecondary"
593,0,Not relevant,5,23-1022.00,"Arbitrators, Mediators, and Conciliators"
594,0,Not relevant,5,17-1011.00,"Architects, Except Landscape and Naval"
595,0,Not relevant,3,17-3011.00,Architectural and Civil Drafters
596,0,Not relevant,5,11-9041.00,Architectural and Engineering Managers
597,0,Not relevant,5,25-1031.00,"Architecture Teachers, Postsecondary"
598,0,Not relevant,5,25-1062.00,"Area, Ethnic, and Cultural Studies Teachers, Postsecondary"
599,0,Not relevant,4,27-1011.00,Art Directors
600,0,Not relevant,5,19-2011.00,Astronomers
601,0,Not relevant,4,19-2021.00,Atmospheric and Space Scientists
602,0,Not relevant,5,25-1051.00,"Atmospheric, Earth, Marine, and Space Sciences Teachers, Postsecondary"
603,0,Not relevant,4,17-2141.02,Automotive Engineers
604,0,Not relevant,2,43-3011.00,Bill and Account Collectors
605,0,Not relevant,3,43-3021.00,Billing and Posting Clerks
606,0,Not relevant,5,19-1021.00,Biochemists and Biophysicists
607,0,Not relevant,4,17-2031.00,Bioengineers and Biomedical Engineers
608,0,Not relevant,4,11-9041.01,Biofuels/Biodiesel Technology and Product Development Managers
609,0,Not relevant,5,19-1029.01,Bioinformatics Scientists
610,0,Not relevant,4,15-2099.01,Bioinformatics Technicians
611,0,Not relevant,5,25-1042.00,"Biological Science Teachers, Postsecondary"
612,0,Not relevant,5,15-2041.01,Biostatisticians
613,0,Not relevant,3,43-3031.00,"Bookkeeping, Accounting, and Auditing Clerks"
614,0,Not relevant,3,43-4011.00,Brokerage Clerks
615,0,Not relevant,4,11-9199.11,Brownfield Redevelopment Specialists and Site Managers
616,0,Not relevant,4,13-2031.00,Budget Analysts
617,0,Not relevant,4,13-1199.04,Business Continuity Planners
618,0,Not relevant,4,15-2051.01,Business Intelligence Analysts
619,0,Not relevant,5,25-1011.00,"Business Teachers, Postsecondary"
620,0,Not relevant,4,13-1021.00,"Buyers and Purchasing Agents, Farm Products"
621,0,Not relevant,3,29-2031.00,Cardiovascular Technologists and Technicians
622,0,Not relevant,4,17-1021.00,Cartographers and Photogrammetrists
623,0,Not relevant,4,17-2041.00,Chemical Engineers
624,0,Not relevant,5,25-1052.00,"Chemistry Teachers, Postsecondary"
625,0,Not relevant,5,11-1011.00,Chief Executives
626,0,Not relevant,5,11-1011.03,Chief Sustainability Officers
627,0,Not relevant,3,17-3022.00,Civil Engineering Technologists and Technicians
628,0,Not relevant,4,17-2051.00,Civil Engineers
629,0,Not relevant,4,13-1031.00,"Claims Adjusters, Examiners, and Investigators"
630,0,Not relevant,5,21-2011.00,Clergy
631,0,Not relevant,5,19-2041.01,Climate Change Policy Analysts
632,0,Not relevant,4,15-2051.02,Clinical Data Managers
633,0,Not relevant,4,11-9121.01,Clinical Research Coordinators
634,0,Not relevant,4,27-1021.00,Commercial and Industrial Designers
635,0,Not relevant,5,25-1122.00,"Communications Teachers, Postsecondary"
636,0,Not relevant,4,21-1094.00,Community Health Workers
637,0,Not relevant,4,11-3111.00,Compensation and Benefits Managers
638,0,Not relevant,4,13-1141.00,"Compensation, Benefits, and Job Analysis Specialists"
639,0,Not relevant,4,11-9199.02,Compliance Managers
640,0,Not relevant,5,15-1221.00,Computer and Information Research Scientists
641,0,Not relevant,4,11-3021.00,Computer and Information Systems Managers
642,0,Not relevant,4,17-2061.00,Computer Hardware Engineers
643,0,Not relevant,4,15-1241.00,Computer Network Architects
644,0,Not relevant,4,15-1231.00,Computer Network Support Specialists
645,0,Not relevant,4,15-1251.00,Computer Programmers
646,0,Not relevant,5,25-1021.00,"Computer Science Teachers, Postsecondary"
647,0,Not relevant,3,15-1211.00,Computer Systems Analysts
648,0,Not relevant,4,15-1299.08,Computer Systems Engineers/Architects
649,0,Not relevant,2,43-4021.00,Correspondence Clerks
650,0,Not relevant,4,13-1051.00,Cost Estimators
651,0,Not relevant,3,27-3092.00,Court Reporters and Simultaneous Captioners
652,0,Not relevant,2,43-4031.00,"Court, Municipal, and License Clerks"
653,0,Not relevant,4,13-2041.00,Credit Analysts
654,0,Not relevant,2,43-4041.00,"Credit Authorizers, Checkers, and Clerks"
655,0,Not relevant,4,13-2071.00,Credit Counselors
656,0,Not relevant,5,25-1111.00,"Criminal Justice and Law Enforcement Teachers, Postsecondary"
657,0,Not relevant,3,13-1041.08,Customs Brokers
658,0,Not relevant,4,15-1243.01,Data Warehousing Specialists
659,0,Not relevant,4,15-1242.00,Database Administrators
660,0,Not relevant,4,15-1243.00,Database Architects
661,0,Not relevant,5,29-1021.00,"Dentists, General"
662,0,Not relevant,3,43-9031.00,Desktop Publishers
663,0,Not relevant,3,29-2032.00,Diagnostic Medical Sonographers
664,0,Not relevant,5,29-1031.00,Dietitians and Nutritionists
665,0,Not relevant,2,43-5032.00,"Dispatchers, Except Police, Fire, and Ambulance"
666,0,Not relevant,4,15-1299.03,Document Management Specialists
667,0,Not relevant,1,41-9091.00,"Door-to-Door Sales Workers, News and Street Vendors, and Related Workers"
668,0,Not relevant,5,25-1063.00,"Economics Teachers, Postsecondary"
669,0,Not relevant,5,19-3011.00,Economists
670,0,Not relevant,4,27-3041.00,Editors
671,0,Not relevant,5,11-9033.00,"Education Administrators, Postsecondary"
672,0,Not relevant,5,25-1081.00,"Education Teachers, Postsecondary"
673,0,Not relevant,4,17-2071.00,Electrical Engineers
674,0,Not relevant,4,17-2072.00,"Electronics Engineers, Except Computer"
675,0,Not relevant,3,43-4061.00,"Eligibility Interviewers, Government Programs"
676,0,Not relevant,4,17-2199.03,"Energy Engineers, Except Wind and Solar"
677,0,Not relevant,5,25-1032.00,"Engineering Teachers, Postsecondary"
678,0,Not relevant,5,25-1123.00,"English Language and Literature Teachers, Postsecondary"
679,0,Not relevant,5,19-3011.01,Environmental Economists
680,0,Not relevant,4,17-2081.00,Environmental Engineers
681,0,Not relevant,5,25-1053.00,"Environmental Science Teachers, Postsecondary"
682,0,Not relevant,5,19-1041.00,Epidemiologists
683,0,Not relevant,4,13-1041.03,Equal Opportunity Representatives and Officers
684,0,Not relevant,5,25-1192.00,"Family and Consumer Sciences Teachers, Postsecondary"
685,0,Not relevant,5,29-1215.00,Family Medicine Physicians
686,0,Not relevant,2,13-1074.00,Farm Labor Contractors
687,0,Not relevant,3,27-1022.00,Fashion Designers
688,0,Not relevant,2,43-4071.00,File Clerks
689,0,Not relevant,4,27-4032.00,Film and Video Editors
690,0,Not relevant,4,13-2061.00,Financial Examiners
691,0,Not relevant,4,11-3031.00,Financial Managers
692,0,Not relevant,5,13-2099.01,Financial Quantitative Analysts
693,0,Not relevant,2,47-2042.00,"Floor Layers, Except Carpet, Wood, and Hard Tiles"
694,0,Not relevant,5,25-1124.00,"Foreign Language and Literature Teachers, Postsecondary"
695,0,Not relevant,4,13-2099.04,"Fraud Examiners, Investigators and Analysts"
696,0,Not relevant,2,43-5011.01,Freight Forwarders
697,0,Not relevant,4,17-2141.01,Fuel Cell Engineers
698,0,Not relevant,4,13-1131.00,Fundraisers
699,0,Not relevant,2,39-4021.00,Funeral Attendants
700,0,Not relevant,2,39-3012.00,Gambling and Sports Book Writers and Runners
701,0,Not relevant,5,29-9092.00,Genetic Counselors
702,0,Not relevant,5,19-1029.03,Geneticists
703,0,Not relevant,4,19-3092.00,Geographers
704,0,Not relevant,5,25-1064.00,"Geography Teachers, Postsecondary"
705,0,Not relevant,4,27-1024.00,Graphic Designers
706,0,Not relevant,4,15-1211.01,Health Informatics Specialists
707,0,Not relevant,3,29-2092.00,Hearing Aid Specialists
708,0,Not relevant,5,19-3093.00,Historians
709,0,Not relevant,5,25-1125.00,"History Teachers, Postsecondary"
710,0,Not relevant,5,17-2112.01,Human Factors Engineers and Ergonomists
711,0,Not relevant,3,43-4161.00,"Human Resources Assistants, Except Payroll and Timekeeping"
712,0,Not relevant,4,11-3121.00,Human Resources Managers
713,0,Not relevant,4,13-1071.00,Human Resources Specialists
714,0,Not relevant,3,11-3051.06,Hydroelectric Production Managers
715,0,Not relevant,5,19-2041.03,Industrial Ecologists
716,0,Not relevant,3,17-3026.00,Industrial Engineering Technologists and Technicians
717,0,Not relevant,5,19-3032.00,Industrial-Organizational Psychologists
718,0,Not relevant,4,15-1212.00,Information Security Analysts
719,0,Not relevant,4,15-1299.09,Information Technology Project Managers
720,0,Not relevant,5,25-9031.00,Instructional Coordinators
721,0,Not relevant,2,43-9041.00,Insurance Claims and Policy Processing Clerks
722,0,Not relevant,4,41-3021.00,Insurance Sales Agents
723,0,Not relevant,4,13-2053.00,Insurance Underwriters
724,0,Not relevant,4,33-3021.06,Intelligence Analysts
725,0,Not relevant,4,27-1025.00,Interior Designers
726,0,Not relevant,3,43-4111.00,"Interviewers, Except Eligibility and Loan"
727,0,Not relevant,5,11-3031.03,Investment Fund Managers
728,0,Not relevant,5,23-1023.00,"Judges, Magistrate Judges, and Magistrates"
729,0,Not relevant,5,23-1012.00,Judicial Law Clerks
730,0,Not relevant,4,13-1075.00,Labor Relations Specialists
731,0,Not relevant,4,17-1012.00,Landscape Architects
732,0,Not relevant,5,25-1112.00,"Law Teachers, Postsecondary"
733,0,Not relevant,5,23-1011.00,Lawyers
734,0,Not relevant,3,43-6012.00,Legal Secretaries and Administrative Assistants
735,0,Not relevant,5,25-1082.00,"Library Science Teachers, Postsecondary"
736,0,Not relevant,3,43-4131.00,Loan Interviewers and Clerks
737,0,Not relevant,4,13-2072.00,Loan Officers
738,0,Not relevant,2,39-3093.00,"Locker Room, Coatroom, and Dressing Room Attendants"
739,0,Not relevant,4,13-1081.02,Logistics Analysts
740,0,Not relevant,4,13-1081.01,Logistics Engineers
741,0,Not relevant,4,13-1111.00,Management Analysts
742,0,Not relevant,2,39-5092.00,Manicurists and Pedicurists
743,0,Not relevant,4,13-1161.00,Market Research Analysts and Marketing Specialists
744,0,Not relevant,4,11-2021.00,Marketing Managers
745,0,Not relevant,4,17-2131.00,Materials Engineers
746,0,Not relevant,5,19-2032.00,Materials Scientists
747,0,Not relevant,5,25-1022.00,"Mathematical Science Teachers, Postsecondary"
748,0,Not relevant,5,15-2021.00,Mathematicians
749,0,Not relevant,3,17-3013.00,Mechanical Drafters
750,0,Not relevant,4,17-2141.00,Mechanical Engineers
751,0,Not relevant,4,17-2199.05,Mechatronics Engineers
752,0,Not relevant,4,27-2012.03,Media Programming Directors
753,0,Not relevant,3,29-2012.00,Medical and Clinical Laboratory Technicians
754,0,Not relevant,4,29-2011.00,Medical and Clinical Laboratory Technologists
755,0,Not relevant,4,11-9111.00,Medical and Health Services Managers
756,0,Not relevant,5,19-1042.00,"Medical Scientists, Except Epidemiologists"
757,0,Not relevant,2,43-6013.00,Medical Secretaries and Administrative Assistants
758,0,Not relevant,3,31-9094.00,Medical Transcriptionists
759,0,Not relevant,4,17-2151.00,"Mining and Geological Engineers, Including Mining Safety Engineers"
760,0,Not relevant,3,51-7031.00,"Model Makers, Wood"
761,0,Not relevant,5,29-1299.01,Naturopathic Physicians
762,0,Not relevant,4,15-1244.00,Network and Computer Systems Administrators
763,0,Not relevant,5,29-1217.00,Neurologists
764,0,Not relevant,4,27-3023.00,"News Analysts, Reporters, and Journalists"
765,0,Not relevant,4,17-2161.00,Nuclear Engineers
766,0,Not relevant,3,29-2033.00,Nuclear Medicine Technologists
767,0,Not relevant,3,19-4051.02,Nuclear Monitoring Technicians
768,0,Not relevant,3,51-8011.00,Nuclear Power Reactor Operators
769,0,Not relevant,2,43-9061.00,"Office Clerks, General"
770,0,Not relevant,4,13-1199.06,Online Merchants
771,0,Not relevant,5,15-2031.00,Operations Research Analysts
772,0,Not relevant,3,29-2057.00,Ophthalmic Medical Technicians
773,0,Not relevant,5,29-1022.00,Oral and Maxillofacial Surgeons
774,0,Not relevant,2,43-4151.00,Order Clerks
775,0,Not relevant,3,23-2011.00,Paralegals and Legal Assistants
776,0,Not relevant,3,43-3051.00,Payroll and Timekeeping Clerks
777,0,Not relevant,4,13-2052.00,Personal Financial Advisors
778,0,Not relevant,4,17-2171.00,Petroleum Engineers
779,0,Not relevant,2,31-9095.00,Pharmacy Aides
780,0,Not relevant,5,25-1126.00,"Philosophy and Religion Teachers, Postsecondary"
781,0,Not relevant,4,17-2199.07,Photonics Engineers
782,0,Not relevant,3,17-3029.08,Photonics Technicians
783,0,Not relevant,5,19-2012.00,Physicists
784,0,Not relevant,5,25-1054.00,"Physics Teachers, Postsecondary"
785,0,Not relevant,4,27-3043.05,"Poets, Lyricists and Creative Writers"
786,0,Not relevant,5,25-1065.00,"Political Science Teachers, Postsecondary"
787,0,Not relevant,5,19-3094.00,Political Scientists
788,0,Not relevant,3,51-5111.00,Prepress Technicians and Workers
789,0,Not relevant,5,29-1229.05,Preventive Medicine Physicians
790,0,Not relevant,2,43-5061.00,"Production, Planning, and Expediting Clerks"
791,0,Not relevant,4,43-9081.00,Proofreaders and Copy Markers
792,0,Not relevant,4,11-9141.00,"Property, Real Estate, and Community Association Managers"
793,0,Not relevant,5,29-1024.00,Prosthodontists
794,0,Not relevant,5,25-1066.00,"Psychology Teachers, Postsecondary"
795,0,Not relevant,4,27-3031.00,Public Relations Specialists
796,0,Not relevant,4,13-1023.00,"Purchasing Agents, Except Wholesale, Retail, and Farm Products"
797,0,Not relevant,4,11-3061.00,Purchasing Managers
798,0,Not relevant,4,11-3051.01,Quality Control Systems Managers
799,0,Not relevant,3,29-1124.00,Radiation Therapists
800,0,Not relevant,4,17-2072.01,Radio Frequency Identification Device Specialists
801,0,Not relevant,2,53-4031.00,Railroad Conductors and Yardmasters
802,0,Not relevant,4,19-1031.02,Range Managers
803,0,Not relevant,4,41-9021.00,Real Estate Brokers
804,0,Not relevant,2,43-4171.00,Receptionists and Information Clerks
805,0,Not relevant,5,25-1193.00,"Recreation and Fitness Studies Teachers, Postsecondary"
806,0,Not relevant,2,53-1042.01,Recycling Coordinators
807,0,Not relevant,4,11-9199.01,Regulatory Affairs Managers
808,0,Not relevant,4,13-1041.07,Regulatory Affairs Specialists
809,0,Not relevant,4,19-2099.01,Remote Sensing Scientists and Technologists
810,0,Not relevant,4,19-4099.03,Remote Sensing Technicians
811,0,Not relevant,3,29-1126.00,Respiratory Therapists
812,0,Not relevant,4,41-9031.00,Sales Engineers
813,0,Not relevant,4,11-2022.00,Sales Managers
814,0,Not relevant,4,41-4011.00,"Sales Representatives, Wholesale and Manufacturing, Technical and Scientific Products"
815,0,Not relevant,5,19-3034.00,School Psychologists
816,0,Not relevant,4,13-1161.01,Search Marketing Strategists
817,0,Not relevant,4,25-2031.00,"Secondary School Teachers, Except Special and Career/Technical Education"
818,0,Not relevant,2,43-6014.00,"Secretaries and Administrative Assistants, Except Legal, Medical, and Executive"
819,0,Not relevant,4,41-3031.00,"Securities, Commodities, and Financial Services Sales Agents"
820,0,Not relevant,2,51-9141.00,Semiconductor Processing Technicians
821,0,Not relevant,5,27-1027.00,Set and Exhibit Designers
822,0,Not relevant,2,51-6051.00,"Sewers, Hand"
823,0,Not relevant,2,39-5093.00,Shampooers
824,0,Not relevant,2,51-6042.00,Shoe Machine Operators and Tenders
825,0,Not relevant,3,39-5094.00,Skincare Specialists
826,0,Not relevant,4,11-9151.00,Social and Community Service Managers
827,0,Not relevant,4,19-4061.00,Social Science Research Assistants
828,0,Not relevant,5,25-1113.00,"Social Work Teachers, Postsecondary"
829,0,Not relevant,5,19-3041.00,Sociologists
830,0,Not relevant,5,25-1067.00,"Sociology Teachers, Postsecondary"
831,0,Not relevant,4,15-1253.00,Software Quality Assurance Analysts and Testers
832,0,Not relevant,3,41-4011.07,Solar Sales Representatives and Assessors
833,0,Not relevant,3,27-4014.00,Sound Engineering Technicians
834,0,Not relevant,3,11-9179.02,Spa Managers
835,0,Not relevant,4,27-1014.00,Special Effects Artists and Animators
836,0,Not relevant,5,29-1127.00,Speech-Language Pathologists
837,0,Not relevant,3,31-9099.01,Speech-Language Pathology Assistants
838,0,Not relevant,5,29-1229.06,Sports Medicine Physicians
839,0,Not relevant,4,43-9111.00,Statistical Assistants
840,0,Not relevant,5,15-2041.00,Statisticians
841,0,Not relevant,4,11-3071.04,Supply Chain Managers
842,0,Not relevant,3,29-2055.00,Surgical Technologists
843,0,Not relevant,5,19-3022.00,Survey Researchers
844,0,Not relevant,4,13-1199.05,Sustainability Specialists
845,0,Not relevant,2,43-2011.00,"Switchboard Operators, Including Answering Service"
846,0,Not relevant,4,27-2012.04,Talent Directors
847,0,Not relevant,3,13-2081.00,"Tax Examiners and Collectors, and Revenue Agents"
848,0,Not relevant,3,13-2082.00,Tax Preparers
849,0,Not relevant,5,25-9044.00,"Teaching Assistants, Postsecondary"
850,0,Not relevant,4,27-3042.00,Technical Writers
851,0,Not relevant,3,15-1241.01,Telecommunications Engineering Specialists
852,0,Not relevant,2,41-9041.00,Telemarketers
853,0,Not relevant,2,43-2021.00,Telephone Operators
854,0,Not relevant,2,51-2061.00,Timing Device Assemblers and Adjusters
855,0,Not relevant,2,23-2093.00,"Title Examiners, Abstractors, and Searchers"
856,0,Not relevant,4,11-3131.00,Training and Development Managers
857,0,Not relevant,4,13-1151.00,Training and Development Specialists
858,0,Not relevant,4,17-2051.01,Transportation Engineers
859,0,Not relevant,4,53-6051.00,Transportation Inspectors
860,0,Not relevant,4,19-3099.01,Transportation Planners
861,0,Not relevant,3,41-3041.00,Travel Agents
862,0,Not relevant,4,11-3031.01,Treasurers and Controllers
863,0,Not relevant,3,25-3041.00,Tutors
864,0,Not relevant,5,19-3051.00,Urban and Regional Planners
865,0,Not relevant,4,17-2112.02,Validation Engineers
866,0,Not relevant,4,15-1255.01,Video Game Designers
867,0,Not relevant,4,11-9121.02,Water Resource Specialists
868,0,Not relevant,4,17-2051.02,Water/Wastewater Engineers
869,0,Not relevant,4,15-1299.01,Web Administrators
870,0,Not relevant,3,15-1254.00,Web Developers
871,0,Not relevant,4,17-2199.10,Wind Energy Engineers
872,0,Not relevant,2,43-9022.00,Word Processors and Typists
